{"count":1,"self":292.0268544,"total":3036.967259,"children":{"InitializeActuators":{"count":150,"self":0.003175,"total":0.003175,"children":null},"InitializeSensors":{"count":150,"self":0.0020017999999999998,"total":0.0020017999999999998,"children":null},"AgentInfo.ToProto":{"count":15663,"self":0.1306355,"total":0.8447327,"children":{"GenerateSensorData":{"count":15663,"self":0.4533065,"total":0.7140972,"children":{"RayPerceptionSensor.Perceive":{"count":46989,"self":0.2607907,"total":0.2607907,"children":null}}}}},"AgentSendState":{"count":49311,"self":230.33093119999998,"total":315.41451969999997,"children":{"CollectObservations":{"count":1479450,"self":6.3588296,"total":6.3588295,"children":null},"WriteActionMask":{"count":1479450,"self":2.5577624,"total":2.5577623,"children":null},"RequestDecision":{"count":1479450,"self":10.4689224,"total":76.16699899999999,"children":{"AgentInfo.ToProto":{"count":1479450,"self":6.3351216,"total":65.6980763,"children":{"GenerateSensorData":{"count":1479450,"self":38.2548864,"total":59.3629545,"children":{"RayPerceptionSensor.Perceive":{"count":4438350,"self":21.108068799999998,"total":21.1080693,"children":null}}}}}}}}},"DecideAction":{"count":49311,"self":2409.6694272,"total":2409.6694259,"children":null},"AgentAct":{"count":49311,"self":18.983992,"total":19.0065384,"children":{"AgentInfo.ToProto":{"count":477,"self":0.0030023999999999997,"total":0.0225463,"children":{"GenerateSensorData":{"count":477,"self":0.0119212,"total":0.0195439,"children":{"RayPerceptionSensor.Perceive":{"count":1431,"self":0.0076227,"total":0.0076227,"children":null}}}}}}}},"gauges":{"Main1.CumulativeReward":{"count":16140,"max":4.538343,"min":-2,"runningAverage":0.9882561,"value":1.578999,"weightedAverage":1.52973819}},"metadata":{"timer_format_version":"0.1.0","start_time_seconds":"1702487115","unity_version":"2022.3.9f1","command_line_arguments":"C:\\Program Files\\Unity\\Hub\\Editor\\2022.3.9f1\\Editor\\Unity.exe -projectpath C:\\Programming\\University\\cs440-fyp-20426506\\CS440 FYP Unity -useHub -hubIPC -cloudEnvironment production -licensingIpc LicenseClient-Andrew -hubSessionId c4b43057-c0a6-4127-a94a-138b21945472 -accessToken k_bV3J7flYPAFGuRWgZnLvm7D90sO7kvfL6q8fO8DZM005f","communication_protocol_version":"1.5.0","com.unity.ml-agents_version":"2.0.1","scene_name":"PlayerTestScene","end_time_seconds":"1702490151"}}